Configuration,F1-Macro,Std,Delta
All Omics (Full),0.894379310783971,0.0246392062400746,0.0
Remove mRNA (45 feats),0.881053105227536,0.018296444812545793,0.013326205556435045
Remove CNV (3 feats),0.8894752203053498,0.023087650784685863,0.004904090478621281
Remove Methylation (1 feats),0.8813536342611841,0.033504435469920026,0.013025676522786966
Remove Protein (26 feats),0.8641029924175772,0.019480289119419382,0.030276318366393884
Only mRNA (45 feats),0.7758895967799148,0.04268058791481015,0.11848971400405628
Only CNV (3 feats),0.5915620781548201,0.032008126898263746,0.30281723262915095
Only Methylation (1 feats),0.794763897678184,0.034220305439777964,0.09961541310578703
Only Protein (26 feats),0.861990064506362,0.03707317371832081,0.032389246277609085
