Fold,F1_Macro,AUC_ROC
1,0.8683473389355743,0.916722408026756
2,0.8995726495726496,0.9765886287625418
3,0.8888499605850924,0.9488294314381271
4,0.9106382978723404,0.9652173913043478
5,0.8625730994152047,0.9171539961013645
