fold,n_features_selected,f1_macro,accuracy,roc_auc,mcc,top5_features,ecadherin_selected
1,75,0.8683473389355743,0.9219858156028369,0.9023411371237459,0.7369281402163267,"pp_E.Cadherin, pp_AR, mu_CDH1, pp_eEF2, pp_beta.Catenin",True
2,75,0.9270689655172414,0.9574468085106383,0.9678929765886287,0.8551989444231628,"pp_E.Cadherin, mu_CDH1, rs_PCK1, rs_A2ML1, rs_LOC283392",True
3,75,0.8995726495726496,0.9432624113475178,0.9755852842809365,0.8034815184196121,"pp_E.Cadherin, mu_CDH1, pp_AR, pp_beta.Catenin, rs_EDN3",True
4,75,0.9027586206896552,0.9432624113475178,0.9658862876254181,0.8065375032755979,"pp_E.Cadherin, rs_C7, mu_CDH1, pp_beta.Catenin, pp_AR",True
5,75,0.8570760233918129,0.9078014184397163,0.95679012345679,0.7159096043840791,"pp_E.Cadherin, cn_FUT3, mu_CDH1, rs_CA3, rs_TMEM132C",True
