Fold,LR,SVM,KNN,NB,RF,XGB,LGBM
0,0.7812068965517242,0.8321428571428571,0.745878112275549,0.7649489019352033,0.8545710267229254,0.8625730994152047,0.8683473389355743
1,0.8489742110900552,0.9246794871794872,0.7801455301455301,0.817717901612574,0.9162210338680927,0.9135499693439607,0.9135499693439607
2,0.8480603448275862,0.9270689655172414,0.8140229087122527,0.8140229087122527,0.8851063829787233,0.8995726495726496,0.9106382978723404
3,0.8697660098522167,0.8683473389355743,0.8180905963302753,0.8094594594594595,0.9027586206896552,0.9292642140468228,0.9186784213561836
4,0.8640308582449373,0.8570760233918129,0.7382425742574257,0.7504751917152782,0.8663084702907712,0.8697660098522167,0.8606825264117961
